Metric,Value
Precision,0.4920714819413156
Recall,0.5075463962926425
F1 Score,0.4996891568584804
Accuracy,0.4999546704929712
N,7015298.0
