Metric,Value
Precision,0.4921378698563498
Recall,0.5138345530293411
F1 Score,0.502752235813892
Accuracy,0.4999741371050008
N,7075774.0
