Metric,Value
Precision,0.5017076686721601
Recall,0.5234646713917513
F1 Score,0.5123552980366624
Accuracy,0.4980519696327554
N,9959547.0
