Metric,Value
Precision,0.5321623352669052
Recall,0.5435659792723753
F1 Score,0.5378037130594963
Accuracy,0.5295411360465421
N,8991445.0
