Metric,Value
Mean IC,0.077408
Median IC,0.056598
Std IC,0.082524
IC > 0 %,0.909
IC IR,0.938007
N days,5808
