Metric,Value
Precision,0.5597234866922666
Recall,0.5858013762654354
F1 Score,0.572465599717891
Accuracy,0.5592705013711684
N,10101239.0
