Metric,Value
Mean IC,0.179320
Median IC,0.171782
Std IC,0.066648
IC > 0 %,1.000
IC IR,2.690554
N days,5963
